Date,Price
11/11/2022 09:30,95.05
11/11/2022 09:31,95.221
11/11/2022 09:32,94.95
11/11/2022 09:33,95.055
11/11/2022 09:34,94.92
11/11/2022 09:35,94.65
11/11/2022 09:36,94.35
11/11/2022 09:37,94.25
11/11/2022 09:38,94.38
11/11/2022 09:39,94.43
11/11/2022 09:40,94.585
11/11/2022 09:41,94.785
11/11/2022 09:42,94.851
11/11/2022 09:43,94.738
11/11/2022 09:44,95.19
11/11/2022 09:45,95.38
11/11/2022 09:46,95.44
11/11/2022 09:47,95.53
11/11/2022 09:48,95.4
11/11/2022 09:49,95.63
11/11/2022 09:50,95.58
11/11/2022 09:51,95.71
11/11/2022 09:52,95.64
11/11/2022 09:53,95.445
11/11/2022 09:54,95.32
11/11/2022 09:55,95.36
11/11/2022 09:56,95.66
11/11/2022 09:57,95.5
11/11/2022 09:58,95.46
11/11/2022 09:59,95.47
11/11/2022 10:00,95.67
11/11/2022 10:01,95.6
11/11/2022 10:02,95.581
11/11/2022 10:03,95.63
11/11/2022 10:04,95.53
11/11/2022 10:05,95.7
11/11/2022 10:06,95.74
11/11/2022 10:07,95.46
11/11/2022 10:08,95.605
11/11/2022 10:09,95.67
11/11/2022 10:10,95.82
11/11/2022 10:11,95.928
11/11/2022 10:12,95.9
11/11/2022 10:13,96.058
11/11/2022 10:14,95.99
11/11/2022 10:15,96.12
11/11/2022 10:16,96.17
11/11/2022 10:17,96.21
11/11/2022 10:18,96.16
11/11/2022 10:19,96.11
11/11/2022 10:20,96.15
11/11/2022 10:21,96.26
11/11/2022 10:22,96.248
11/11/2022 10:23,96.16
11/11/2022 10:24,96.05
11/11/2022 10:25,96.23
11/11/2022 10:26,96.28
11/11/2022 10:27,96.29
11/11/2022 10:28,96.19
11/11/2022 10:29,96.24
11/11/2022 10:30,96.21
11/11/2022 10:31,96.22
11/11/2022 10:32,96.17
11/11/2022 10:33,96.23
11/11/2022 10:34,96.28
11/11/2022 10:35,96.18
11/11/2022 10:36,96.145
11/11/2022 10:37,96.15
11/11/2022 10:38,96.29
11/11/2022 10:39,96.24
11/11/2022 10:40,96.2
11/11/2022 10:41,96.085
11/11/2022 10:42,96.05
11/11/2022 10:43,96.08
11/11/2022 10:44,96.215
11/11/2022 10:45,96.26
11/11/2022 10:46,96.36
11/11/2022 10:47,96.405
11/11/2022 10:48,96.43
11/11/2022 10:49,96.455
11/11/2022 10:50,96.45
11/11/2022 10:51,96.43
11/11/2022 10:52,96.46
11/11/2022 10:53,96.5
11/11/2022 10:54,96.44
11/11/2022 10:55,96.36
11/11/2022 10:56,96.38
11/11/2022 10:57,96.3
11/11/2022 10:58,96.44
11/11/2022 10:59,96.465
11/11/2022 11:00,96.513
11/11/2022 11:01,96.53
11/11/2022 11:02,96.56
11/11/2022 11:03,96.74
11/11/2022 11:04,96.711
11/11/2022 11:05,96.75
11/11/2022 11:06,96.731
11/11/2022 11:07,96.767
11/11/2022 11:08,96.75
11/11/2022 11:09,96.54
11/11/2022 11:10,96.45
11/11/2022 11:11,96.382
11/11/2022 11:12,96.39
11/11/2022 11:13,96.465
11/11/2022 11:14,96.33
11/11/2022 11:15,96.19
11/11/2022 11:16,96.251
11/11/2022 11:17,96.34
11/11/2022 11:18,96.36
11/11/2022 11:19,96.38
11/11/2022 11:20,96.45
11/11/2022 11:21,96.41
11/11/2022 11:22,96.3
11/11/2022 11:23,96.155
11/11/2022 11:24,96.11
11/11/2022 11:25,96.05
11/11/2022 11:26,95.865
11/11/2022 11:27,95.836
11/11/2022 11:28,95.83
11/11/2022 11:29,95.78
11/11/2022 11:30,95.695
11/11/2022 11:31,95.81
11/11/2022 11:32,95.815
11/11/2022 11:33,95.87
11/11/2022 11:34,95.9
11/11/2022 11:35,95.96
11/11/2022 11:36,96
11/11/2022 11:37,96.03
11/11/2022 11:38,95.93
11/11/2022 11:39,95.905
11/11/2022 11:40,95.9
11/11/2022 11:41,96.018
11/11/2022 11:42,96.02
11/11/2022 11:43,96.01
11/11/2022 11:44,95.94
11/11/2022 11:45,95.92
11/11/2022 11:46,95.94
11/11/2022 11:47,95.95
11/11/2022 11:48,95.96
11/11/2022 11:49,96.025
11/11/2022 11:50,96.126
11/11/2022 11:51,96.16
11/11/2022 11:52,96.085
11/11/2022 11:53,96.015
11/11/2022 11:54,96
11/11/2022 11:55,95.92
11/11/2022 11:56,95.89
11/11/2022 11:57,96.065
11/11/2022 11:58,96.09
11/11/2022 11:59,96.08
11/11/2022 12:00,96.03
11/11/2022 12:01,96
11/11/2022 12:02,95.8
11/11/2022 12:03,95.97
11/11/2022 12:04,95.96
11/11/2022 12:05,95.92
11/11/2022 12:06,95.95
11/11/2022 12:07,95.86
11/11/2022 12:08,95.85
11/11/2022 12:09,95.96
11/11/2022 12:10,96.07
11/11/2022 12:11,96.12
11/11/2022 12:12,96.125
11/11/2022 12:13,96.05
11/11/2022 12:14,96.09
11/11/2022 12:15,96.14
11/11/2022 12:16,96.16
11/11/2022 12:17,96.14
11/11/2022 12:18,96.11
11/11/2022 12:19,96.1
11/11/2022 12:20,96.12
11/11/2022 12:21,96.045
11/11/2022 12:22,96.12
11/11/2022 12:23,96.14
11/11/2022 12:24,96.22
11/11/2022 12:25,96.14
11/11/2022 12:26,96.2
11/11/2022 12:27,96.195
11/11/2022 12:28,96.21
11/11/2022 12:29,96.23
11/11/2022 12:30,96.31
11/11/2022 12:31,96.38
11/11/2022 12:32,96.31
11/11/2022 12:33,96.15
11/11/2022 12:34,96.125
11/11/2022 12:35,96.15
11/11/2022 12:36,96.18
11/11/2022 12:37,96.215
11/11/2022 12:38,96.25
11/11/2022 12:39,96.15
11/11/2022 12:40,96.16
11/11/2022 12:41,96.03
11/11/2022 12:42,96.112
11/11/2022 12:43,96.12
11/11/2022 12:44,96.18
11/11/2022 12:45,96.16
11/11/2022 12:46,96.165
11/11/2022 12:47,96.22
11/11/2022 12:48,96.19
11/11/2022 12:49,96.16
11/11/2022 12:50,96.25
11/11/2022 12:51,96.25
11/11/2022 12:52,96.21
11/11/2022 12:53,96.305
11/11/2022 12:54,96.32
11/11/2022 12:55,96.34
11/11/2022 12:56,96.46
11/11/2022 12:57,96.48
11/11/2022 12:58,96.381
11/11/2022 12:59,96.305
11/11/2022 13:00,96.41
11/11/2022 13:01,96.42
11/11/2022 13:02,96.429
11/11/2022 13:03,96.435
11/11/2022 13:04,96.443
11/11/2022 13:05,96.44
11/11/2022 13:06,96.465
11/11/2022 13:07,96.509
11/11/2022 13:08,96.56
11/11/2022 13:09,96.54
11/11/2022 13:10,96.59
11/11/2022 13:11,96.682
11/11/2022 13:12,96.69
11/11/2022 13:13,96.66
11/11/2022 13:14,96.59
11/11/2022 13:15,96.63
11/11/2022 13:16,96.67
11/11/2022 13:17,96.74
11/11/2022 13:18,96.77
11/11/2022 13:19,96.8
11/11/2022 13:20,96.785
11/11/2022 13:21,96.74
11/11/2022 13:22,96.74
11/11/2022 13:23,96.77
11/11/2022 13:24,96.87
11/11/2022 13:25,96.791
11/11/2022 13:26,96.81
11/11/2022 13:27,96.86
11/11/2022 13:28,96.804
11/11/2022 13:29,96.83
11/11/2022 13:30,96.93
11/11/2022 13:31,96.975
11/11/2022 13:32,97.04
11/11/2022 13:33,96.98
11/11/2022 13:34,96.99
11/11/2022 13:35,96.93
11/11/2022 13:36,96.846
11/11/2022 13:37,96.82
11/11/2022 13:38,96.835
11/11/2022 13:39,96.93
11/11/2022 13:40,96.96
11/11/2022 13:41,96.865
11/11/2022 13:42,96.825
11/11/2022 13:43,96.86
11/11/2022 13:44,96.905
11/11/2022 13:45,96.899
11/11/2022 13:46,96.89
11/11/2022 13:47,96.89
11/11/2022 13:48,96.85
11/11/2022 13:49,96.967
11/11/2022 13:50,97.01
11/11/2022 13:51,96.97
11/11/2022 13:52,96.98
11/11/2022 13:53,97.055
11/11/2022 13:54,97.01
11/11/2022 13:55,97.01
11/11/2022 13:56,97.04
11/11/2022 13:57,97.038
11/11/2022 13:58,97.05
11/11/2022 13:59,97.05
11/11/2022 14:00,97.08
11/11/2022 14:01,96.99
11/11/2022 14:02,97.01
11/11/2022 14:03,97.08
11/11/2022 14:04,97.12
11/11/2022 14:05,97.23
11/11/2022 14:06,97.06
11/11/2022 14:07,97.13
11/11/2022 14:08,97.135
11/11/2022 14:09,97.09
11/11/2022 14:10,97.08
11/11/2022 14:11,97
11/11/2022 14:12,97.012
11/11/2022 14:13,96.901
11/11/2022 14:14,96.98
11/11/2022 14:15,96.95
11/11/2022 14:16,96.96
11/11/2022 14:17,96.88
11/11/2022 14:18,96.821
11/11/2022 14:19,96.83
11/11/2022 14:20,96.88
11/11/2022 14:21,96.95
11/11/2022 14:22,96.96
11/11/2022 14:23,96.905
11/11/2022 14:24,96.895
11/11/2022 14:25,96.85
11/11/2022 14:26,96.945
11/11/2022 14:27,96.95
11/11/2022 14:28,97.023
11/11/2022 14:29,97.02
11/11/2022 14:30,97.037
11/11/2022 14:31,97.05
11/11/2022 14:32,97.012
11/11/2022 14:33,97.1
11/11/2022 14:34,97.095
11/11/2022 14:35,97.1
11/11/2022 14:36,97.07
11/11/2022 14:37,97.075
11/11/2022 14:38,97.11
11/11/2022 14:39,97.106
11/11/2022 14:40,97.13
11/11/2022 14:41,97.11
11/11/2022 14:42,97.12
11/11/2022 14:43,97.23
11/11/2022 14:44,97.247
11/11/2022 14:45,97.27
11/11/2022 14:46,97.235
11/11/2022 14:47,97.165
11/11/2022 14:48,97.19
11/11/2022 14:49,97.23
11/11/2022 14:50,97.2
11/11/2022 14:51,97.21
11/11/2022 14:52,97.19
11/11/2022 14:53,97.245
11/11/2022 14:54,97.21
11/11/2022 14:55,97.23
11/11/2022 14:56,97.205
11/11/2022 14:57,97.275
11/11/2022 14:58,97.35
11/11/2022 14:59,97.35
11/11/2022 15:00,97.19
11/11/2022 15:01,97.171
11/11/2022 15:02,97.22
11/11/2022 15:03,97.11
11/11/2022 15:04,97.13
11/11/2022 15:05,97.02
11/11/2022 15:06,96.88
11/11/2022 15:07,96.91
11/11/2022 15:08,96.953
11/11/2022 15:09,96.95
11/11/2022 15:10,96.82
11/11/2022 15:11,96.78
11/11/2022 15:12,96.88
11/11/2022 15:13,96.87
11/11/2022 15:14,96.84
11/11/2022 15:15,96.735
11/11/2022 15:16,96.8
11/11/2022 15:17,96.745
11/11/2022 15:18,96.71
11/11/2022 15:19,96.76
11/11/2022 15:20,96.765
11/11/2022 15:21,96.81
11/11/2022 15:22,96.885
11/11/2022 15:23,96.805
11/11/2022 15:24,96.765
11/11/2022 15:25,96.84
11/11/2022 15:26,96.94
11/11/2022 15:27,96.945
11/11/2022 15:28,96.92
11/11/2022 15:29,96.95
11/11/2022 15:30,96.96
11/11/2022 15:31,97.01
11/11/2022 15:32,96.98
11/11/2022 15:33,96.997
11/11/2022 15:34,96.975
11/11/2022 15:35,96.87
11/11/2022 15:36,96.89
11/11/2022 15:37,96.87
11/11/2022 15:38,96.86
11/11/2022 15:39,96.99
11/11/2022 15:40,96.94
11/11/2022 15:41,96.93
11/11/2022 15:42,96.91
11/11/2022 15:43,96.89
11/11/2022 15:44,96.882
11/11/2022 15:45,96.89
11/11/2022 15:46,96.895
11/11/2022 15:47,96.872
11/11/2022 15:48,96.85
11/11/2022 15:49,96.93
11/11/2022 15:50,96.83
11/11/2022 15:51,96.79
11/11/2022 15:52,96.795
11/11/2022 15:53,96.88
11/11/2022 15:54,96.86
11/11/2022 15:55,96.71
11/11/2022 15:56,96.71
11/11/2022 15:57,96.7
11/11/2022 15:58,96.7
11/11/2022 15:59,96.73
11/14/2022 09:30,95.76
11/14/2022 09:31,95.67
11/14/2022 09:32,95.62
11/14/2022 09:33,95.72
11/14/2022 09:34,95.53
11/14/2022 09:35,95.42
11/14/2022 09:36,95.22
11/14/2022 09:37,95.57
11/14/2022 09:38,95.59
11/14/2022 09:39,95.89
11/14/2022 09:40,95.69
11/14/2022 09:41,95.629
11/14/2022 09:42,95.67
11/14/2022 09:43,95.57
11/14/2022 09:44,95.5
11/14/2022 09:45,95.38
11/14/2022 09:46,95.515
11/14/2022 09:47,95.69
11/14/2022 09:48,95.66
11/14/2022 09:49,95.9
11/14/2022 09:50,95.88
11/14/2022 09:51,95.92
11/14/2022 09:52,95.94
11/14/2022 09:53,95.75
11/14/2022 09:54,95.872
11/14/2022 09:55,95.7
11/14/2022 09:56,95.77
11/14/2022 09:57,95.925
11/14/2022 09:58,95.84
11/14/2022 09:59,95.84
11/14/2022 10:00,96.05
11/14/2022 10:01,95.81
11/14/2022 10:02,95.815
11/14/2022 10:03,95.82
11/14/2022 10:04,95.85
11/14/2022 10:05,95.83
11/14/2022 10:06,95.88
11/14/2022 10:07,95.97
11/14/2022 10:08,95.96
11/14/2022 10:09,96.02
11/14/2022 10:10,96.12
11/14/2022 10:11,96.04
11/14/2022 10:12,96.08
11/14/2022 10:13,96.08
11/14/2022 10:14,96.19
11/14/2022 10:15,96.201
11/14/2022 10:16,96.2
11/14/2022 10:17,96.185
11/14/2022 10:18,96.11
11/14/2022 10:19,96.069
11/14/2022 10:20,96
11/14/2022 10:21,95.93
11/14/2022 10:22,95.89
11/14/2022 10:23,95.83
11/14/2022 10:24,95.77
11/14/2022 10:25,95.87
11/14/2022 10:26,95.66
11/14/2022 10:27,95.685
11/14/2022 10:28,95.755
11/14/2022 10:29,95.73
11/14/2022 10:30,95.81
11/14/2022 10:31,95.75
11/14/2022 10:32,95.82
11/14/2022 10:33,95.93
11/14/2022 10:34,95.88
11/14/2022 10:35,95.715
11/14/2022 10:36,95.69
11/14/2022 10:37,95.72
11/14/2022 10:38,95.825
11/14/2022 10:39,95.88
11/14/2022 10:40,95.9
11/14/2022 10:41,95.915
11/14/2022 10:42,95.83
11/14/2022 10:43,95.85
11/14/2022 10:44,95.84
11/14/2022 10:45,95.767
11/14/2022 10:46,95.765
11/14/2022 10:47,95.69
11/14/2022 10:48,95.81
11/14/2022 10:49,95.75
11/14/2022 10:50,95.8
11/14/2022 10:51,95.795
11/14/2022 10:52,95.76
11/14/2022 10:53,95.67
11/14/2022 10:54,95.84
11/14/2022 10:55,95.931
11/14/2022 10:56,95.98
11/14/2022 10:57,95.96
11/14/2022 10:58,95.95
11/14/2022 10:59,95.94
11/14/2022 11:00,95.865
11/14/2022 11:01,95.775
11/14/2022 11:02,95.72
11/14/2022 11:03,95.61
11/14/2022 11:04,95.68
11/14/2022 11:05,95.62
11/14/2022 11:06,95.67
11/14/2022 11:07,95.778
11/14/2022 11:08,95.74
11/14/2022 11:09,95.875
11/14/2022 11:10,95.74
11/14/2022 11:11,95.59
11/14/2022 11:12,95.52
11/14/2022 11:13,95.545
11/14/2022 11:14,95.57
11/14/2022 11:15,95.525
11/14/2022 11:16,95.49
11/14/2022 11:17,95.46
11/14/2022 11:18,95.39
11/14/2022 11:19,95.46
11/14/2022 11:20,95.339
11/14/2022 11:21,95.504
11/14/2022 11:22,95.47
11/14/2022 11:23,95.545
11/14/2022 11:24,95.485
11/14/2022 11:25,95.524
11/14/2022 11:26,95.48
11/14/2022 11:27,95.56
11/14/2022 11:28,95.495
11/14/2022 11:29,95.46
11/14/2022 11:30,95.59
11/14/2022 11:31,95.58
11/14/2022 11:32,95.57
11/14/2022 11:33,95.69
11/14/2022 11:34,95.9
11/14/2022 11:35,95.93
11/14/2022 11:36,95.85
11/14/2022 11:37,95.85
11/14/2022 11:38,95.945
11/14/2022 11:39,95.83
11/14/2022 11:40,95.78
11/14/2022 11:41,95.93
11/14/2022 11:42,95.93
11/14/2022 11:43,95.85
11/14/2022 11:44,95.83
11/14/2022 11:45,95.885
11/14/2022 11:46,95.985
11/14/2022 11:47,95.978
11/14/2022 11:48,95.985
11/14/2022 11:49,95.97
11/14/2022 11:50,96.01
11/14/2022 11:51,95.99
11/14/2022 11:52,95.85
11/14/2022 11:53,95.772
11/14/2022 11:54,95.88
11/14/2022 11:55,95.94
11/14/2022 11:56,95.86
11/14/2022 11:57,95.88
11/14/2022 11:58,95.81
11/14/2022 11:59,95.845
11/14/2022 12:00,95.81
11/14/2022 12:01,95.82
11/14/2022 12:02,95.89
11/14/2022 12:03,95.85
11/14/2022 12:04,95.86
11/14/2022 12:05,95.845
11/14/2022 12:06,95.93
11/14/2022 12:07,95.84
11/14/2022 12:08,95.87
11/14/2022 12:09,95.82
11/14/2022 12:10,95.73
11/14/2022 12:11,95.73
11/14/2022 12:12,95.795
11/14/2022 12:13,95.81
11/14/2022 12:14,95.88
11/14/2022 12:15,95.91
11/14/2022 12:16,96.01
11/14/2022 12:17,95.98
11/14/2022 12:18,95.94
11/14/2022 12:19,95.855
11/14/2022 12:20,95.72
11/14/2022 12:21,95.66
11/14/2022 12:22,95.74
11/14/2022 12:23,95.74
11/14/2022 12:24,95.7
11/14/2022 12:25,95.7
11/14/2022 12:26,95.71
11/14/2022 12:27,95.705
11/14/2022 12:28,95.82
11/14/2022 12:29,95.88
11/14/2022 12:30,95.87
11/14/2022 12:31,95.83
11/14/2022 12:32,95.97
11/14/2022 12:33,96
11/14/2022 12:34,95.89
11/14/2022 12:35,95.904
11/14/2022 12:36,95.885
11/14/2022 12:37,95.945
11/14/2022 12:38,95.945
11/14/2022 12:39,95.945
11/14/2022 12:40,95.88
11/14/2022 12:41,95.928
11/14/2022 12:42,95.94
11/14/2022 12:43,95.93
11/14/2022 12:44,95.92
11/14/2022 12:45,95.985
11/14/2022 12:46,96.015
11/14/2022 12:47,96.055
11/14/2022 12:48,96.14
11/14/2022 12:49,96.16
11/14/2022 12:50,96.17
11/14/2022 12:51,96.22
11/14/2022 12:52,96.23
11/14/2022 12:53,96.29
11/14/2022 12:54,96.315
11/14/2022 12:55,96.16
11/14/2022 12:56,96.18
11/14/2022 12:57,96.25
11/14/2022 12:58,96.23
11/14/2022 12:59,96.16
11/14/2022 13:00,96.1
11/14/2022 13:01,96.14
11/14/2022 13:02,96.2
11/14/2022 13:03,96.187
11/14/2022 13:04,96.17
11/14/2022 13:05,96.18
11/14/2022 13:06,96.125
11/14/2022 13:07,96.155
11/14/2022 13:08,96.1
11/14/2022 13:09,96.17
11/14/2022 13:10,96.25
11/14/2022 13:11,96.15
11/14/2022 13:12,96.19
11/14/2022 13:13,96.213
11/14/2022 13:14,96.19
11/14/2022 13:15,96.16
11/14/2022 13:16,96.215
11/14/2022 13:17,96.23
11/14/2022 13:18,96.22
11/14/2022 13:19,96.28
11/14/2022 13:20,96.343
11/14/2022 13:21,96.33
11/14/2022 13:22,96.37
11/14/2022 13:23,96.41
11/14/2022 13:24,96.41
11/14/2022 13:25,96.459
11/14/2022 13:26,96.56
11/14/2022 13:27,96.55
11/14/2022 13:28,96.625
11/14/2022 13:29,96.68
11/14/2022 13:30,96.662
11/14/2022 13:31,96.71
11/14/2022 13:32,96.695
11/14/2022 13:33,96.669
11/14/2022 13:34,96.72
11/14/2022 13:35,96.73
11/14/2022 13:36,96.745
11/14/2022 13:37,96.785
11/14/2022 13:38,96.81
11/14/2022 13:39,96.769
11/14/2022 13:40,96.72
11/14/2022 13:41,96.72
11/14/2022 13:42,96.72
11/14/2022 13:43,96.73
11/14/2022 13:44,96.755
11/14/2022 13:45,96.74
11/14/2022 13:46,96.75
11/14/2022 13:47,96.725
11/14/2022 13:48,96.755
11/14/2022 13:49,96.78
11/14/2022 13:50,96.76
11/14/2022 13:51,96.81
11/14/2022 13:52,96.87
11/14/2022 13:53,96.87
11/14/2022 13:54,96.83
11/14/2022 13:55,96.82
11/14/2022 13:56,96.783
11/14/2022 13:57,96.86
11/14/2022 13:58,96.9
11/14/2022 13:59,96.89
11/14/2022 14:00,96.95
11/14/2022 14:01,96.94
11/14/2022 14:02,96.98
11/14/2022 14:03,96.91
11/14/2022 14:04,96.936
11/14/2022 14:05,96.907
11/14/2022 14:06,96.83
11/14/2022 14:07,96.83
11/14/2022 14:08,96.88
11/14/2022 14:09,96.9
11/14/2022 14:10,96.9
11/14/2022 14:11,96.83
11/14/2022 14:12,96.85
11/14/2022 14:13,96.89
11/14/2022 14:14,96.97
11/14/2022 14:15,96.915
11/14/2022 14:16,96.85
11/14/2022 14:17,96.9
11/14/2022 14:18,96.944
11/14/2022 14:19,96.95
11/14/2022 14:20,96.918
11/14/2022 14:21,96.88
11/14/2022 14:22,96.945
11/14/2022 14:23,96.935
11/14/2022 14:24,96.97
11/14/2022 14:25,96.96
11/14/2022 14:26,96.99
11/14/2022 14:27,96.95
11/14/2022 14:28,97.02
11/14/2022 14:29,97.061
11/14/2022 14:30,97
11/14/2022 14:31,97.03
11/14/2022 14:32,97.08
11/14/2022 14:33,97.005
11/14/2022 14:34,96.94
11/14/2022 14:35,96.97
11/14/2022 14:36,97.01
11/14/2022 14:37,97.04
11/14/2022 14:38,96.95
11/14/2022 14:39,96.91
11/14/2022 14:40,96.955
11/14/2022 14:41,96.95
11/14/2022 14:42,96.825
11/14/2022 14:43,96.85
11/14/2022 14:44,96.79
11/14/2022 14:45,96.79
11/14/2022 14:46,96.7
11/14/2022 14:47,96.66
11/14/2022 14:48,96.69
11/14/2022 14:49,96.66
11/14/2022 14:50,96.7
11/14/2022 14:51,96.745
11/14/2022 14:52,96.769
11/14/2022 14:53,96.766
11/14/2022 14:54,96.79
11/14/2022 14:55,96.8
11/14/2022 14:56,96.84
11/14/2022 14:57,96.83
11/14/2022 14:58,96.81
11/14/2022 14:59,96.84
11/14/2022 15:00,96.955
11/14/2022 15:01,96.98
11/14/2022 15:02,97.015
11/14/2022 15:03,97.01
11/14/2022 15:04,97.065
11/14/2022 15:05,97.08
11/14/2022 15:06,97.15
11/14/2022 15:07,97.145
11/14/2022 15:08,97.145
11/14/2022 15:09,97.12
11/14/2022 15:10,97.12
11/14/2022 15:11,97
11/14/2022 15:12,96.915
11/14/2022 15:13,96.75
11/14/2022 15:14,96.766
11/14/2022 15:15,96.65
11/14/2022 15:16,96.713
11/14/2022 15:17,96.68
11/14/2022 15:18,96.66
11/14/2022 15:19,96.7
11/14/2022 15:20,96.729
11/14/2022 15:21,96.65
11/14/2022 15:22,96.71
11/14/2022 15:23,96.655
11/14/2022 15:24,96.685
11/14/2022 15:25,96.69
11/14/2022 15:26,96.73
11/14/2022 15:27,96.72
11/14/2022 15:28,96.68
11/14/2022 15:29,96.64
11/14/2022 15:30,96.615
11/14/2022 15:31,96.58
11/14/2022 15:32,96.635
11/14/2022 15:33,96.555
11/14/2022 15:34,96.547
11/14/2022 15:35,96.61
11/14/2022 15:36,96.694
11/14/2022 15:37,96.625
11/14/2022 15:38,96.63
11/14/2022 15:39,96.675
11/14/2022 15:40,96.657
11/14/2022 15:41,96.585
11/14/2022 15:42,96.47
11/14/2022 15:43,96.417
11/14/2022 15:44,96.35
11/14/2022 15:45,96.41
11/14/2022 15:46,96.315
11/14/2022 15:47,96.215
11/14/2022 15:48,96.3
11/14/2022 15:49,96.37
11/14/2022 15:50,96.52
11/14/2022 15:51,96.59
11/14/2022 15:52,96.484
11/14/2022 15:53,96.33
11/14/2022 15:54,96.22
11/14/2022 15:55,96.01
11/14/2022 15:56,95.96
11/14/2022 15:57,96.005
11/14/2022 15:58,96.05
11/14/2022 15:59,96.03
11/15/2022 09:30,98.91
11/15/2022 09:31,99.02
11/15/2022 09:32,99.16
11/15/2022 09:33,98.72
11/15/2022 09:34,98.61
11/15/2022 09:35,98.45
11/15/2022 09:36,98.42
11/15/2022 09:37,98.26
11/15/2022 09:38,98.19
11/15/2022 09:39,98.25
11/15/2022 09:40,98.215
11/15/2022 09:41,98.17
11/15/2022 09:42,98.15
11/15/2022 09:43,98.24
11/15/2022 09:44,98.18
11/15/2022 09:45,98.22
11/15/2022 09:46,98.07
11/15/2022 09:47,98.1
11/15/2022 09:48,98.05
11/15/2022 09:49,97.98
11/15/2022 09:50,98.04
11/15/2022 09:51,98.04
11/15/2022 09:52,98.1
11/15/2022 09:53,98.13
11/15/2022 09:54,97.92
11/15/2022 09:55,98.105
11/15/2022 09:56,98.295
11/15/2022 09:57,98.35
11/15/2022 09:58,98.36
11/15/2022 09:59,98.42
11/15/2022 10:00,98.55
11/15/2022 10:01,98.57
11/15/2022 10:02,98.601
11/15/2022 10:03,98.63
11/15/2022 10:04,98.526
11/15/2022 10:05,98.595
11/15/2022 10:06,98.48
11/15/2022 10:07,98.38
11/15/2022 10:08,98.56
11/15/2022 10:09,98.598
11/15/2022 10:10,98.482
11/15/2022 10:11,98.665
11/15/2022 10:12,98.69
11/15/2022 10:13,98.67
11/15/2022 10:14,98.56
11/15/2022 10:15,98.635
11/15/2022 10:16,98.67
11/15/2022 10:17,98.656
11/15/2022 10:18,98.68
11/15/2022 10:19,98.58
11/15/2022 10:20,98.58
11/15/2022 10:21,98.53
11/15/2022 10:22,98.62
11/15/2022 10:23,98.605
11/15/2022 10:24,98.67
11/15/2022 10:25,98.7
11/15/2022 10:26,98.74
11/15/2022 10:27,98.72
11/15/2022 10:28,98.93
11/15/2022 10:29,98.95
11/15/2022 10:30,98.97
11/15/2022 10:31,98.87
11/15/2022 10:32,98.86
11/15/2022 10:33,98.93
11/15/2022 10:34,98.96
11/15/2022 10:35,98.865
11/15/2022 10:36,98.74
11/15/2022 10:37,98.87
11/15/2022 10:38,98.91
11/15/2022 10:39,98.9
11/15/2022 10:40,98.875
11/15/2022 10:41,98.92
11/15/2022 10:42,98.865
11/15/2022 10:43,98.882
11/15/2022 10:44,98.86
11/15/2022 10:45,98.78
11/15/2022 10:46,98.71
11/15/2022 10:47,98.47
11/15/2022 10:48,98.4
11/15/2022 10:49,98.44
11/15/2022 10:50,98.36
11/15/2022 10:51,98.33
11/15/2022 10:52,98.425
11/15/2022 10:53,98.47
11/15/2022 10:54,98.47
11/15/2022 10:55,98.53
11/15/2022 10:56,98.515
11/15/2022 10:57,98.431
11/15/2022 10:58,98.39
11/15/2022 10:59,98.375
11/15/2022 11:00,98.21
11/15/2022 11:01,98.02
11/15/2022 11:02,97.91
11/15/2022 11:03,98.21
11/15/2022 11:04,98.08
11/15/2022 11:05,98.23
11/15/2022 11:06,98.18
11/15/2022 11:07,98.43
11/15/2022 11:08,98.46
11/15/2022 11:09,98.615
11/15/2022 11:10,98.75
11/15/2022 11:11,98.67
11/15/2022 11:12,98.78
11/15/2022 11:13,98.8
11/15/2022 11:14,98.9
11/15/2022 11:15,98.94
11/15/2022 11:16,98.985
11/15/2022 11:17,98.9
11/15/2022 11:18,98.96
11/15/2022 11:19,98.767
11/15/2022 11:20,98.84
11/15/2022 11:21,98.87
11/15/2022 11:22,98.67
11/15/2022 11:23,98.775
11/15/2022 11:24,98.76
11/15/2022 11:25,98.8
11/15/2022 11:26,99.13
11/15/2022 11:27,99.15
11/15/2022 11:28,99.065
11/15/2022 11:29,99.11
11/15/2022 11:30,99.49
11/15/2022 11:31,99.75
11/15/2022 11:32,99.83
11/15/2022 11:33,99.96
11/15/2022 11:34,99.95
11/15/2022 11:35,99.781
11/15/2022 11:36,99.72
11/15/2022 11:37,99.63
11/15/2022 11:38,99.65
11/15/2022 11:39,99.625
11/15/2022 11:40,99.795
11/15/2022 11:41,99.85
11/15/2022 11:42,99.935
11/15/2022 11:43,99.93
11/15/2022 11:44,99.97
11/15/2022 11:45,100.18
11/15/2022 11:46,100.19
11/15/2022 11:47,100.4
11/15/2022 11:48,100.34
11/15/2022 11:49,100.32
11/15/2022 11:50,100.2
11/15/2022 11:51,100.36
11/15/2022 11:52,100.36
11/15/2022 11:53,100.29
11/15/2022 11:54,100.27
11/15/2022 11:55,100.24
11/15/2022 11:56,100.1
11/15/2022 11:57,100.079
11/15/2022 11:58,100.135
11/15/2022 11:59,99.96
11/15/2022 12:00,99.915
11/15/2022 12:01,99.72
11/15/2022 12:02,99.77
11/15/2022 12:03,99.76
11/15/2022 12:04,99.78
11/15/2022 12:05,99.58
11/15/2022 12:06,99.68
11/15/2022 12:07,99.56
11/15/2022 12:08,99.45
11/15/2022 12:09,99.51
11/15/2022 12:10,99.57
11/15/2022 12:11,99.58
11/15/2022 12:12,99.62
11/15/2022 12:13,99.54
11/15/2022 12:14,99.495
11/15/2022 12:15,99.45
11/15/2022 12:16,99.41
11/15/2022 12:17,99.33
11/15/2022 12:18,99.22
11/15/2022 12:19,99.251
11/15/2022 12:20,99.365
11/15/2022 12:21,99.359
11/15/2022 12:22,99.36
11/15/2022 12:23,99.31
11/15/2022 12:24,99.448
11/15/2022 12:25,99.435
11/15/2022 12:26,99.485
11/15/2022 12:27,99.46
11/15/2022 12:28,99.47
11/15/2022 12:29,99.465
11/15/2022 12:30,99.4
11/15/2022 12:31,99.33
11/15/2022 12:32,99.405
11/15/2022 12:33,99.485
11/15/2022 12:34,99.45
11/15/2022 12:35,99.54
11/15/2022 12:36,99.47
11/15/2022 12:37,99.47
11/15/2022 12:38,99.494
11/15/2022 12:39,99.5
11/15/2022 12:40,99.5
11/15/2022 12:41,99.44
11/15/2022 12:42,99.34
11/15/2022 12:43,99.4
11/15/2022 12:44,99.35
11/15/2022 12:45,99.33
11/15/2022 12:46,99.31
11/15/2022 12:47,99.37
11/15/2022 12:48,99.41
11/15/2022 12:49,99.44
11/15/2022 12:50,99.38
11/15/2022 12:51,99.38
11/15/2022 12:52,99.38
11/15/2022 12:53,99.385
11/15/2022 12:54,99.28
11/15/2022 12:55,99.19
11/15/2022 12:56,99.23
11/15/2022 12:57,99.29
11/15/2022 12:58,99.24
11/15/2022 12:59,99.37
11/15/2022 13:00,99.37
11/15/2022 13:01,99.43
11/15/2022 13:02,99.32
11/15/2022 13:03,99.35
11/15/2022 13:04,99.385
11/15/2022 13:05,99.39
11/15/2022 13:06,99.47
11/15/2022 13:07,99.47
11/15/2022 13:08,99.479
11/15/2022 13:09,99.29
11/15/2022 13:10,99.26
11/15/2022 13:11,99.25
11/15/2022 13:12,99.205
11/15/2022 13:13,99.21
11/15/2022 13:14,99.185
11/15/2022 13:15,98.909
11/15/2022 13:16,99.04
11/15/2022 13:17,99.01
11/15/2022 13:18,98.75
11/15/2022 13:19,98.53
11/15/2022 13:20,98.38
11/15/2022 13:21,98.29
11/15/2022 13:22,98.04
11/15/2022 13:23,97.97
11/15/2022 13:24,98.14
11/15/2022 13:25,98.2
11/15/2022 13:26,98
11/15/2022 13:27,97.85
11/15/2022 13:28,97.82
11/15/2022 13:29,97.88
11/15/2022 13:30,98.018
11/15/2022 13:31,97.88
11/15/2022 13:32,97.77
11/15/2022 13:33,97.83
11/15/2022 13:34,97.64
11/15/2022 13:35,97.739
11/15/2022 13:36,97.52
11/15/2022 13:37,97.37
11/15/2022 13:38,97.27
11/15/2022 13:39,97.33
11/15/2022 13:40,97.02
11/15/2022 13:41,97.39
11/15/2022 13:42,97.5
11/15/2022 13:43,97.83
11/15/2022 13:44,97.85
11/15/2022 13:45,97.97
11/15/2022 13:46,98.16
11/15/2022 13:47,98.09
11/15/2022 13:48,97.8
11/15/2022 13:49,97.7
11/15/2022 13:50,97.79
11/15/2022 13:51,97.88
11/15/2022 13:52,97.92
11/15/2022 13:53,97.78
11/15/2022 13:54,97.97
11/15/2022 13:55,97.96
11/15/2022 13:56,98.059
11/15/2022 13:57,98.045
11/15/2022 13:58,98.02
11/15/2022 13:59,97.885
11/15/2022 14:00,97.94
11/15/2022 14:01,97.77
11/15/2022 14:02,97.68
11/15/2022 14:03,97.41
11/15/2022 14:04,97.3
11/15/2022 14:05,97.53
11/15/2022 14:06,97.6
11/15/2022 14:07,97.53
11/15/2022 14:08,97.43
11/15/2022 14:09,97.67
11/15/2022 14:10,97.943
11/15/2022 14:11,98.04
11/15/2022 14:12,97.8
11/15/2022 14:13,97.86
11/15/2022 14:14,97.78
11/15/2022 14:15,97.61
11/15/2022 14:16,97.64
11/15/2022 14:17,97.75
11/15/2022 14:18,97.86
11/15/2022 14:19,98.1
11/15/2022 14:20,98.26
11/15/2022 14:21,98.29
11/15/2022 14:22,98.255
11/15/2022 14:23,98.09
11/15/2022 14:24,98.26
11/15/2022 14:25,98.24
11/15/2022 14:26,98.04
11/15/2022 14:27,98.05
11/15/2022 14:28,98.08
11/15/2022 14:29,98.23
11/15/2022 14:30,98.11
11/15/2022 14:31,98.16
11/15/2022 14:32,98.22
11/15/2022 14:33,98.11
11/15/2022 14:34,98.06
11/15/2022 14:35,98.265
11/15/2022 14:36,98.26
11/15/2022 14:37,98.19
11/15/2022 14:38,98.35
11/15/2022 14:39,98.31
11/15/2022 14:40,98.35
11/15/2022 14:41,98.38
11/15/2022 14:42,98.43
11/15/2022 14:43,98.35
11/15/2022 14:44,98.311
11/15/2022 14:45,98.43
11/15/2022 14:46,98.29
11/15/2022 14:47,98.32
11/15/2022 14:48,98.18
11/15/2022 14:49,98.18
11/15/2022 14:50,98.23
11/15/2022 14:51,98.14
11/15/2022 14:52,98.25
11/15/2022 14:53,98.22
11/15/2022 14:54,98.246
11/15/2022 14:55,98.357
11/15/2022 14:56,98.51
11/15/2022 14:57,98.55
11/15/2022 14:58,98.56
11/15/2022 14:59,98.532
11/15/2022 15:00,98.61
11/15/2022 15:01,98.565
11/15/2022 15:02,98.69
11/15/2022 15:03,98.736
11/15/2022 15:04,98.64
11/15/2022 15:05,98.58
11/15/2022 15:06,98.41
11/15/2022 15:07,98.455
11/15/2022 15:08,98.59
11/15/2022 15:09,98.47
11/15/2022 15:10,98.49
11/15/2022 15:11,98.33
11/15/2022 15:12,98.43
11/15/2022 15:13,98.51
11/15/2022 15:14,98.53
11/15/2022 15:15,98.575
11/15/2022 15:16,98.675
11/15/2022 15:17,98.62
11/15/2022 15:18,98.65
11/15/2022 15:19,98.69
11/15/2022 15:20,98.715
11/15/2022 15:21,98.74
11/15/2022 15:22,98.85
11/15/2022 15:23,98.91
11/15/2022 15:24,98.89
11/15/2022 15:25,98.85
11/15/2022 15:26,98.79
11/15/2022 15:27,98.85
11/15/2022 15:28,98.8
11/15/2022 15:29,98.815
11/15/2022 15:30,98.68
11/15/2022 15:31,98.64
11/15/2022 15:32,98.66
11/15/2022 15:33,98.66
11/15/2022 15:34,98.635
11/15/2022 15:35,98.73
11/15/2022 15:36,98.67
11/15/2022 15:37,98.67
11/15/2022 15:38,98.79
11/15/2022 15:39,98.855
11/15/2022 15:40,98.78
11/15/2022 15:41,98.72
11/15/2022 15:42,98.75
11/15/2022 15:43,98.79
11/15/2022 15:44,98.745
11/15/2022 15:45,98.64
11/15/2022 15:46,98.599
11/15/2022 15:47,98.75
11/15/2022 15:48,98.677
11/15/2022 15:49,98.72
11/15/2022 15:50,98.63
11/15/2022 15:51,98.46
11/15/2022 15:52,98.5
11/15/2022 15:53,98.55
11/15/2022 15:54,98.58
11/15/2022 15:55,98.6
11/15/2022 15:56,98.57
11/15/2022 15:57,98.58
11/15/2022 15:58,98.59
11/15/2022 15:59,98.72
11/16/2022 09:30,98.64
11/16/2022 09:31,98.574
11/16/2022 09:32,98.52
11/16/2022 09:33,98.4
11/16/2022 09:34,98.41
11/16/2022 09:35,98.19
11/16/2022 09:36,98.32
11/16/2022 09:37,98.4
11/16/2022 09:38,98.41
11/16/2022 09:39,98.745
11/16/2022 09:40,98.5
11/16/2022 09:41,98.401
11/16/2022 09:42,98.615
11/16/2022 09:43,98.52
11/16/2022 09:44,98.67
11/16/2022 09:45,98.66
11/16/2022 09:46,98.239
11/16/2022 09:47,98.07
11/16/2022 09:48,98.28
11/16/2022 09:49,98.04
11/16/2022 09:50,98.09
11/16/2022 09:51,98.19
11/16/2022 09:52,98.32
11/16/2022 09:53,98.47
11/16/2022 09:54,98.54
11/16/2022 09:55,98.63
11/16/2022 09:56,98.65
11/16/2022 09:57,98.73
11/16/2022 09:58,98.735
11/16/2022 09:59,98.76
11/16/2022 10:00,98.69
11/16/2022 10:01,98.74
11/16/2022 10:02,98.75
11/16/2022 10:03,98.73
11/16/2022 10:04,98.85
11/16/2022 10:05,98.92
11/16/2022 10:06,98.966
11/16/2022 10:07,98.94
11/16/2022 10:08,98.785
11/16/2022 10:09,98.911
11/16/2022 10:10,98.87
11/16/2022 10:11,98.925
11/16/2022 10:12,98.91
11/16/2022 10:13,98.87
11/16/2022 10:14,98.67
11/16/2022 10:15,98.405
11/16/2022 10:16,98.36
11/16/2022 10:17,98.318
11/16/2022 10:18,98.339
11/16/2022 10:19,98.33
11/16/2022 10:20,98.205
11/16/2022 10:21,98.28
11/16/2022 10:22,98.225
11/16/2022 10:23,98.475
11/16/2022 10:24,98.48
11/16/2022 10:25,98.55
11/16/2022 10:26,98.66
11/16/2022 10:27,98.54
11/16/2022 10:28,98.51
11/16/2022 10:29,98.54
11/16/2022 10:30,98.54
11/16/2022 10:31,98.6
11/16/2022 10:32,98.62
11/16/2022 10:33,98.66
11/16/2022 10:34,98.705
11/16/2022 10:35,98.66
11/16/2022 10:36,98.725
11/16/2022 10:37,98.75
11/16/2022 10:38,98.74
11/16/2022 10:39,98.782
11/16/2022 10:40,98.64
11/16/2022 10:41,98.7
11/16/2022 10:42,98.79
11/16/2022 10:43,98.85
11/16/2022 10:44,98.61
11/16/2022 10:45,98.62
11/16/2022 10:46,98.56
11/16/2022 10:47,98.694
11/16/2022 10:48,98.65
11/16/2022 10:49,98.7
11/16/2022 10:50,98.66
11/16/2022 10:51,98.475
11/16/2022 10:52,98.42
11/16/2022 10:53,98.415
11/16/2022 10:54,98.42
11/16/2022 10:55,98.47
11/16/2022 10:56,98.51
11/16/2022 10:57,98.53
11/16/2022 10:58,98.51
11/16/2022 10:59,98.57
11/16/2022 11:00,98.76
11/16/2022 11:01,98.785
11/16/2022 11:02,98.81
11/16/2022 11:03,98.89
11/16/2022 11:04,98.995
11/16/2022 11:05,99.08
11/16/2022 11:06,99.14
11/16/2022 11:07,99.2
11/16/2022 11:08,99.23
11/16/2022 11:09,99.22
11/16/2022 11:10,99.24
11/16/2022 11:11,99.16
11/16/2022 11:12,98.99
11/16/2022 11:13,99.12
11/16/2022 11:14,99.12
11/16/2022 11:15,99.185
11/16/2022 11:16,99.15
11/16/2022 11:17,99.15
11/16/2022 11:18,99.1
11/16/2022 11:19,99.25
11/16/2022 11:20,99.15
11/16/2022 11:21,99.07
11/16/2022 11:22,99.16
11/16/2022 11:23,99.065
11/16/2022 11:24,99.08
11/16/2022 11:25,99.04
11/16/2022 11:26,99.07
11/16/2022 11:27,99.03
11/16/2022 11:28,99.08
11/16/2022 11:29,99.07
11/16/2022 11:30,99.06
11/16/2022 11:31,99.175
11/16/2022 11:32,99.265
11/16/2022 11:33,99.39
11/16/2022 11:34,99.26
11/16/2022 11:35,99.18
11/16/2022 11:36,99.191
11/16/2022 11:37,99.13
11/16/2022 11:38,99.08
11/16/2022 11:39,99.15
11/16/2022 11:40,99.205
11/16/2022 11:41,99.242
11/16/2022 11:42,99.25
11/16/2022 11:43,99.285
11/16/2022 11:44,99.37
11/16/2022 11:45,99.415
11/16/2022 11:46,99.385
11/16/2022 11:47,99.408
11/16/2022 11:48,99.44
11/16/2022 11:49,99.32
11/16/2022 11:50,99.37
11/16/2022 11:51,99.24
11/16/2022 11:52,99.21
11/16/2022 11:53,99.31
11/16/2022 11:54,99.26
11/16/2022 11:55,99.435
11/16/2022 11:56,99.37
11/16/2022 11:57,99.32
11/16/2022 11:58,99.38
11/16/2022 11:59,99.34
11/16/2022 12:00,99.28
11/16/2022 12:01,99.201
11/16/2022 12:02,99.2
11/16/2022 12:03,99.245
11/16/2022 12:04,99.2
11/16/2022 12:05,99.19
11/16/2022 12:06,99.14
11/16/2022 12:07,99.16
11/16/2022 12:08,99.365
11/16/2022 12:09,99.32
11/16/2022 12:10,99.33
11/16/2022 12:11,99.395
11/16/2022 12:12,99.36
11/16/2022 12:13,99.31
11/16/2022 12:14,99.32
11/16/2022 12:15,99.266
11/16/2022 12:16,99.31
11/16/2022 12:17,99.29
11/16/2022 12:18,99.28
11/16/2022 12:19,99.291
11/16/2022 12:20,99.2
11/16/2022 12:21,99.19
11/16/2022 12:22,99.23
11/16/2022 12:23,99.23
11/16/2022 12:24,99.27
11/16/2022 12:25,99.28
11/16/2022 12:26,99.328
11/16/2022 12:27,99.34
11/16/2022 12:28,99.27
11/16/2022 12:29,99.31
11/16/2022 12:30,99.31
11/16/2022 12:31,99.31
11/16/2022 12:32,99.33
11/16/2022 12:33,99.27
11/16/2022 12:34,99.31
11/16/2022 12:35,99.32
11/16/2022 12:36,99.375
11/16/2022 12:37,99.38
11/16/2022 12:38,99.4
11/16/2022 12:39,99.36
11/16/2022 12:40,99.29
11/16/2022 12:41,99.315
11/16/2022 12:42,99.36
11/16/2022 12:43,99.37
11/16/2022 12:44,99.47
11/16/2022 12:45,99.61
11/16/2022 12:46,99.6
11/16/2022 12:47,99.67
11/16/2022 12:48,99.7
11/16/2022 12:49,99.72
11/16/2022 12:50,99.66
11/16/2022 12:51,99.72
11/16/2022 12:52,99.65
11/16/2022 12:53,99.6
11/16/2022 12:54,99.65
11/16/2022 12:55,99.615
11/16/2022 12:56,99.605
11/16/2022 12:57,99.67
11/16/2022 12:58,99.605
11/16/2022 12:59,99.6
11/16/2022 13:00,99.49
11/16/2022 13:01,99.5
11/16/2022 13:02,99.49
11/16/2022 13:03,99.495
11/16/2022 13:04,99.55
11/16/2022 13:05,99.53
11/16/2022 13:06,99.62
11/16/2022 13:07,99.54
11/16/2022 13:08,99.59
11/16/2022 13:09,99.665
11/16/2022 13:10,99.712
11/16/2022 13:11,99.71
11/16/2022 13:12,99.71
11/16/2022 13:13,99.64
11/16/2022 13:14,99.69
11/16/2022 13:15,99.71
11/16/2022 13:16,99.68
11/16/2022 13:17,99.71
11/16/2022 13:18,99.67
11/16/2022 13:19,99.68
11/16/2022 13:20,99.714
11/16/2022 13:21,99.75
11/16/2022 13:22,99.738
11/16/2022 13:23,99.76
11/16/2022 13:24,99.705
11/16/2022 13:25,99.73
11/16/2022 13:26,99.79
11/16/2022 13:27,99.8
11/16/2022 13:28,99.74
11/16/2022 13:29,99.69
11/16/2022 13:30,99.755
11/16/2022 13:31,99.68
11/16/2022 13:32,99.55
11/16/2022 13:33,99.56
11/16/2022 13:34,99.57
11/16/2022 13:35,99.61
11/16/2022 13:36,99.57
11/16/2022 13:37,99.58
11/16/2022 13:38,99.55
11/16/2022 13:39,99.565
11/16/2022 13:40,99.5
11/16/2022 13:41,99.47
11/16/2022 13:42,99.44
11/16/2022 13:43,99.44
11/16/2022 13:44,99.45
11/16/2022 13:45,99.425
11/16/2022 13:46,99.487
11/16/2022 13:47,99.421
11/16/2022 13:48,99.44
11/16/2022 13:49,99.405
11/16/2022 13:50,99.385
11/16/2022 13:51,99.39
11/16/2022 13:52,99.313
11/16/2022 13:53,99.29
11/16/2022 13:54,99.27
11/16/2022 13:55,99.26
11/16/2022 13:56,99.2
11/16/2022 13:57,99.043
11/16/2022 13:58,99.05
11/16/2022 13:59,99.05
11/16/2022 14:00,99.07
11/16/2022 14:01,99.1
11/16/2022 14:02,99.09
11/16/2022 14:03,99.135
11/16/2022 14:04,99.23
11/16/2022 14:05,99.261
11/16/2022 14:06,99.25
11/16/2022 14:07,99.225
11/16/2022 14:08,99.25
11/16/2022 14:09,99.26
11/16/2022 14:10,99.25
11/16/2022 14:11,99.23
11/16/2022 14:12,99.2
11/16/2022 14:13,99.197
11/16/2022 14:14,99.215
11/16/2022 14:15,99.17
11/16/2022 14:16,99.12
11/16/2022 14:17,99.09
11/16/2022 14:18,99.16
11/16/2022 14:19,99.18
11/16/2022 14:20,99.29
11/16/2022 14:21,99.249
11/16/2022 14:22,99.22
11/16/2022 14:23,99.29
11/16/2022 14:24,99.31
11/16/2022 14:25,99.4
11/16/2022 14:26,99.365
11/16/2022 14:27,99.41
11/16/2022 14:28,99.39
11/16/2022 14:29,99.42
11/16/2022 14:30,99.301
11/16/2022 14:31,99.275
11/16/2022 14:32,99.21
11/16/2022 14:33,99.27
11/16/2022 14:34,99.33
11/16/2022 14:35,99.33
11/16/2022 14:36,99.41
11/16/2022 14:37,99.59
11/16/2022 14:38,99.46
11/16/2022 14:39,99.47
11/16/2022 14:40,99.46
11/16/2022 14:41,99.485
11/16/2022 14:42,99.457
11/16/2022 14:43,99.41
11/16/2022 14:44,99.42
11/16/2022 14:45,99.39
11/16/2022 14:46,99.35
11/16/2022 14:47,99.36
11/16/2022 14:48,99.311
11/16/2022 14:49,99.316
11/16/2022 14:50,99.359
11/16/2022 14:51,99.43
11/16/2022 14:52,99.42
11/16/2022 14:53,99.43
11/16/2022 14:54,99.41
11/16/2022 14:55,99.39
11/16/2022 14:56,99.377
11/16/2022 14:57,99.45
11/16/2022 14:58,99.435
11/16/2022 14:59,99.46
11/16/2022 15:00,99.5
11/16/2022 15:01,99.47
11/16/2022 15:02,99.402
11/16/2022 15:03,99.4
11/16/2022 15:04,99.41
11/16/2022 15:05,99.48
11/16/2022 15:06,99.44
11/16/2022 15:07,99.32
11/16/2022 15:08,99.26
11/16/2022 15:09,99.27
11/16/2022 15:10,99.3
11/16/2022 15:11,99.305
11/16/2022 15:12,99.325
11/16/2022 15:13,99.328
11/16/2022 15:14,99.355
11/16/2022 15:15,99.37
11/16/2022 15:16,99.346
11/16/2022 15:17,99.32
11/16/2022 15:18,99.259
11/16/2022 15:19,99.315
11/16/2022 15:20,99.31
11/16/2022 15:21,99.29
11/16/2022 15:22,99.23
11/16/2022 15:23,99.15
11/16/2022 15:24,99.2
11/16/2022 15:25,99.19
11/16/2022 15:26,99.24
11/16/2022 15:27,99.21
11/16/2022 15:28,99.19
11/16/2022 15:29,99.145
11/16/2022 15:30,99.18
11/16/2022 15:31,99.06
11/16/2022 15:32,98.945
11/16/2022 15:33,98.938
11/16/2022 15:34,98.93
11/16/2022 15:35,98.955
11/16/2022 15:36,98.99
11/16/2022 15:37,99.005
11/16/2022 15:38,98.98
11/16/2022 15:39,98.93
11/16/2022 15:40,98.96
11/16/2022 15:41,98.94
11/16/2022 15:42,99
11/16/2022 15:43,99.08
11/16/2022 15:44,99.125
11/16/2022 15:45,99.08
11/16/2022 15:46,99.02
11/16/2022 15:47,99.11
11/16/2022 15:48,99.07
11/16/2022 15:49,99.225
11/16/2022 15:50,99.34
11/16/2022 15:51,99.245
11/16/2022 15:52,99.275
11/16/2022 15:53,99.25
11/16/2022 15:54,99.16
11/16/2022 15:55,99.06
11/16/2022 15:56,99.01
11/16/2022 15:57,98.975
11/16/2022 15:58,99.04
11/16/2022 15:59,98.99
11/17/2022 09:30,97.3
11/17/2022 09:31,97.51
11/17/2022 09:32,97.735
11/17/2022 09:33,97.96
11/17/2022 09:34,98.01
11/17/2022 09:35,97.9
11/17/2022 09:36,97.87
11/17/2022 09:37,97.62
11/17/2022 09:38,97.865
11/17/2022 09:39,97.75
11/17/2022 09:40,97.655
11/17/2022 09:41,97.48
11/17/2022 09:42,97.43
11/17/2022 09:43,97.2
11/17/2022 09:44,97.32
11/17/2022 09:45,97.25
11/17/2022 09:46,97.33
11/17/2022 09:47,97.52
11/17/2022 09:48,97.545
11/17/2022 09:49,97.64
11/17/2022 09:50,97.7
11/17/2022 09:51,97.62
11/17/2022 09:52,97.51
11/17/2022 09:53,97.705
11/17/2022 09:54,97.63
11/17/2022 09:55,97.63
11/17/2022 09:56,97.55
11/17/2022 09:57,97.31
11/17/2022 09:58,97.41
11/17/2022 09:59,97.3
11/17/2022 10:00,97.13
11/17/2022 10:01,97.3
11/17/2022 10:02,97.29
11/17/2022 10:03,97.37
11/17/2022 10:04,97.62
11/17/2022 10:05,97.59
11/17/2022 10:06,97.57
11/17/2022 10:07,97.61
11/17/2022 10:08,97.56
11/17/2022 10:09,97.59
11/17/2022 10:10,97.65
11/17/2022 10:11,97.63
11/17/2022 10:12,97.46
11/17/2022 10:13,97.685
11/17/2022 10:14,97.75
11/17/2022 10:15,97.83
11/17/2022 10:16,97.83
11/17/2022 10:17,97.89
11/17/2022 10:18,97.935
11/17/2022 10:19,98.07
11/17/2022 10:20,98.045
11/17/2022 10:21,98
11/17/2022 10:22,98.1
11/17/2022 10:23,98.09
11/17/2022 10:24,98.06
11/17/2022 10:25,98.15
11/17/2022 10:26,98.2
11/17/2022 10:27,98.1
11/17/2022 10:28,98.08
11/17/2022 10:29,98.11
11/17/2022 10:30,97.887
11/17/2022 10:31,97.94
11/17/2022 10:32,97.865
11/17/2022 10:33,97.835
11/17/2022 10:34,97.69
11/17/2022 10:35,97.75
11/17/2022 10:36,97.77
11/17/2022 10:37,97.85
11/17/2022 10:38,97.9
11/17/2022 10:39,97.82
11/17/2022 10:40,97.95
11/17/2022 10:41,97.85
11/17/2022 10:42,97.85
11/17/2022 10:43,97.9
11/17/2022 10:44,97.93
11/17/2022 10:45,97.78
11/17/2022 10:46,97.77
11/17/2022 10:47,97.76
11/17/2022 10:48,97.66
11/17/2022 10:49,97.71
11/17/2022 10:50,97.77
11/17/2022 10:51,97.8
11/17/2022 10:52,97.8
11/17/2022 10:53,97.84
11/17/2022 10:54,97.85
11/17/2022 10:55,97.74
11/17/2022 10:56,97.704
11/17/2022 10:57,97.663
11/17/2022 10:58,97.65
11/17/2022 10:59,97.64
11/17/2022 11:00,97.75
11/17/2022 11:01,97.75
11/17/2022 11:02,97.8
11/17/2022 11:03,97.78
11/17/2022 11:04,97.8
11/17/2022 11:05,97.78
11/17/2022 11:06,97.9
11/17/2022 11:07,97.86
11/17/2022 11:08,97.752
11/17/2022 11:09,97.73
11/17/2022 11:10,97.74
11/17/2022 11:11,97.735
11/17/2022 11:12,97.74
11/17/2022 11:13,97.85
11/17/2022 11:14,97.97
11/17/2022 11:15,97.89
11/17/2022 11:16,97.97
11/17/2022 11:17,98
11/17/2022 11:18,98.025
11/17/2022 11:19,98
11/17/2022 11:20,97.9
11/17/2022 11:21,97.82
11/17/2022 11:22,97.85
11/17/2022 11:23,97.825
11/17/2022 11:24,97.88
11/17/2022 11:25,97.9
11/17/2022 11:26,97.91
11/17/2022 11:27,98
11/17/2022 11:28,98.05
11/17/2022 11:29,98.02
11/17/2022 11:30,98.02
11/17/2022 11:31,98.05
11/17/2022 11:32,98.11
11/17/2022 11:33,98.175
11/17/2022 11:34,98.202
11/17/2022 11:35,98.26
11/17/2022 11:36,98.31
11/17/2022 11:37,98.24
11/17/2022 11:38,98.3
11/17/2022 11:39,98.27
11/17/2022 11:40,98.29
11/17/2022 11:41,98.295
11/17/2022 11:42,98.42
11/17/2022 11:43,98.46
11/17/2022 11:44,98.45
11/17/2022 11:45,98.549
11/17/2022 11:46,98.554
11/17/2022 11:47,98.51
11/17/2022 11:48,98.49
11/17/2022 11:49,98.445
11/17/2022 11:50,98.56
11/17/2022 11:51,98.585
11/17/2022 11:52,98.434
11/17/2022 11:53,98.405
11/17/2022 11:54,98.42
11/17/2022 11:55,98.745
11/17/2022 11:56,98.84
11/17/2022 11:57,98.85
11/17/2022 11:58,98.78
11/17/2022 11:59,98.94
11/17/2022 12:00,98.995
11/17/2022 12:01,98.909
11/17/2022 12:02,99.01
11/17/2022 12:03,99.01
11/17/2022 12:04,98.999
11/17/2022 12:05,99.01
11/17/2022 12:06,98.96
11/17/2022 12:07,98.96
11/17/2022 12:08,99.01
11/17/2022 12:09,98.98
11/17/2022 12:10,99.04
11/17/2022 12:11,99.01
11/17/2022 12:12,98.93
11/17/2022 12:13,98.93
11/17/2022 12:14,98.91
11/17/2022 12:15,98.895
11/17/2022 12:16,98.89
11/17/2022 12:17,98.845
11/17/2022 12:18,98.78
11/17/2022 12:19,98.82
11/17/2022 12:20,98.73
11/17/2022 12:21,98.685
11/17/2022 12:22,98.76
11/17/2022 12:23,98.78
11/17/2022 12:24,98.735
11/17/2022 12:25,98.679
11/17/2022 12:26,98.72
11/17/2022 12:27,98.67
11/17/2022 12:28,98.71
11/17/2022 12:29,98.68
11/17/2022 12:30,98.73
11/17/2022 12:31,98.79
11/17/2022 12:32,98.695
11/17/2022 12:33,98.675
11/17/2022 12:34,98.68
11/17/2022 12:35,98.67
11/17/2022 12:36,98.79
11/17/2022 12:37,98.78
11/17/2022 12:38,98.78
11/17/2022 12:39,98.79
11/17/2022 12:40,98.858
11/17/2022 12:41,98.825
11/17/2022 12:42,98.76
11/17/2022 12:43,98.8
11/17/2022 12:44,98.825
11/17/2022 12:45,98.929
11/17/2022 12:46,98.83
11/17/2022 12:47,98.81
11/17/2022 12:48,98.76
11/17/2022 12:49,98.765
11/17/2022 12:50,98.88
11/17/2022 12:51,98.86
11/17/2022 12:52,98.89
11/17/2022 12:53,98.9
11/17/2022 12:54,98.91
11/17/2022 12:55,98.955
11/17/2022 12:56,98.99
11/17/2022 12:57,99.03
11/17/2022 12:58,99.03
11/17/2022 12:59,99.08
11/17/2022 13:00,99.095
11/17/2022 13:01,99.121
11/17/2022 13:02,99.14
11/17/2022 13:03,99.1
11/17/2022 13:04,99.08
11/17/2022 13:05,99.095
11/17/2022 13:06,99.15
11/17/2022 13:07,99.1
11/17/2022 13:08,99.08
11/17/2022 13:09,98.99
11/17/2022 13:10,99.04
11/17/2022 13:11,99.1
11/17/2022 13:12,99.12
11/17/2022 13:13,99.07
11/17/2022 13:14,99.098
11/17/2022 13:15,99.18
11/17/2022 13:16,99.195
11/17/2022 13:17,99.15
11/17/2022 13:18,99.2
11/17/2022 13:19,99.24
11/17/2022 13:20,99.27
11/17/2022 13:21,99.32
11/17/2022 13:22,99.24
11/17/2022 13:23,99.28
11/17/2022 13:24,99.277
11/17/2022 13:25,99.208
11/17/2022 13:26,99.125
11/17/2022 13:27,99.16
11/17/2022 13:28,99.19
11/17/2022 13:29,99.17
11/17/2022 13:30,99.2
11/17/2022 13:31,99.11
11/17/2022 13:32,99.23
11/17/2022 13:33,99.232
11/17/2022 13:34,99.22
11/17/2022 13:35,99.28
11/17/2022 13:36,99.37
11/17/2022 13:37,99.34
11/17/2022 13:38,99.44
11/17/2022 13:39,99.459
11/17/2022 13:40,99.47
11/17/2022 13:41,99.44
11/17/2022 13:42,99.33
11/17/2022 13:43,99.345
11/17/2022 13:44,99.35
11/17/2022 13:45,99.245
11/17/2022 13:46,99.27
11/17/2022 13:47,99.29
11/17/2022 13:48,99.235
11/17/2022 13:49,99.195
11/17/2022 13:50,99.03
11/17/2022 13:51,99.04
11/17/2022 13:52,98.953
11/17/2022 13:53,99
11/17/2022 13:54,99.035
11/17/2022 13:55,99.031
11/17/2022 13:56,99.06
11/17/2022 13:57,99.07
11/17/2022 13:58,99.062
11/17/2022 13:59,99.065
11/17/2022 14:00,99.055
11/17/2022 14:01,99.07
11/17/2022 14:02,99.05
11/17/2022 14:03,99.11
11/17/2022 14:04,99.065
11/17/2022 14:05,98.99
11/17/2022 14:06,98.975
11/17/2022 14:07,98.835
11/17/2022 14:08,98.86
11/17/2022 14:09,98.845
11/17/2022 14:10,98.78
11/17/2022 14:11,98.76
11/17/2022 14:12,98.77
11/17/2022 14:13,98.82
11/17/2022 14:14,98.78
11/17/2022 14:15,98.67
11/17/2022 14:16,98.62
11/17/2022 14:17,98.61
11/17/2022 14:18,98.6
11/17/2022 14:19,98.58
11/17/2022 14:20,98.5
11/17/2022 14:21,98.57
11/17/2022 14:22,98.539
11/17/2022 14:23,98.48
11/17/2022 14:24,98.415
11/17/2022 14:25,98.38
11/17/2022 14:26,98.4
11/17/2022 14:27,98.49
11/17/2022 14:28,98.51
11/17/2022 14:29,98.445
11/17/2022 14:30,98.475
11/17/2022 14:31,98.51
11/17/2022 14:32,98.52
11/17/2022 14:33,98.475
11/17/2022 14:34,98.5
11/17/2022 14:35,98.395
11/17/2022 14:36,98.355
11/17/2022 14:37,98.45
11/17/2022 14:38,98.42
11/17/2022 14:39,98.41
11/17/2022 14:40,98.37
11/17/2022 14:41,98.42
11/17/2022 14:42,98.365
11/17/2022 14:43,98.325
11/17/2022 14:44,98.31
11/17/2022 14:45,98.215
11/17/2022 14:46,98.19
11/17/2022 14:47,98.21
11/17/2022 14:48,98.32
11/17/2022 14:49,98.3
11/17/2022 14:50,98.22
11/17/2022 14:51,98.2
11/17/2022 14:52,98.25
11/17/2022 14:53,98.225
11/17/2022 14:54,98.28
11/17/2022 14:55,98.27
11/17/2022 14:56,98.28
11/17/2022 14:57,98.22
11/17/2022 14:58,98.275
11/17/2022 14:59,98.233
11/17/2022 15:00,98.2
11/17/2022 15:01,98.185
11/17/2022 15:02,98.145
11/17/2022 15:03,98.15
11/17/2022 15:04,98.14
11/17/2022 15:05,98.2
11/17/2022 15:06,98.23
11/17/2022 15:07,98.12
11/17/2022 15:08,98.04
11/17/2022 15:09,98.04
11/17/2022 15:10,98.022
11/17/2022 15:11,97.91
11/17/2022 15:12,97.89
11/17/2022 15:13,97.868
11/17/2022 15:14,97.85
11/17/2022 15:15,97.77
11/17/2022 15:16,97.765
11/17/2022 15:17,97.78
11/17/2022 15:18,97.835
11/17/2022 15:19,97.79
11/17/2022 15:20,97.73
11/17/2022 15:21,97.76
11/17/2022 15:22,97.805
11/17/2022 15:23,97.85
11/17/2022 15:24,97.78
11/17/2022 15:25,97.77
11/17/2022 15:26,97.795
11/17/2022 15:27,97.825
11/17/2022 15:28,97.82
11/17/2022 15:29,97.84
11/17/2022 15:30,97.87
11/17/2022 15:31,97.865
11/17/2022 15:32,97.93
11/17/2022 15:33,98.035
11/17/2022 15:34,97.98
11/17/2022 15:35,98.011
11/17/2022 15:36,98.011
11/17/2022 15:37,98.035
11/17/2022 15:38,98.035
11/17/2022 15:39,98.07
11/17/2022 15:40,98.06
11/17/2022 15:41,98.08
11/17/2022 15:42,98.03
11/17/2022 15:43,98.04
11/17/2022 15:44,98.055
11/17/2022 15:45,98.12
11/17/2022 15:46,98.22
11/17/2022 15:47,98.32
11/17/2022 15:48,98.46
11/17/2022 15:49,98.56
11/17/2022 15:50,98.445
11/17/2022 15:51,98.385
11/17/2022 15:52,98.42
11/17/2022 15:53,98.33
11/17/2022 15:54,98.21
11/17/2022 15:55,98.405
11/17/2022 15:56,98.34
11/17/2022 15:57,98.4
11/17/2022 15:58,98.41
11/17/2022 15:59,98.5
11/18/2022 09:30,98.324
11/18/2022 09:31,97.75
11/18/2022 09:32,97.72
11/18/2022 09:33,97.78
11/18/2022 09:34,97.71
11/18/2022 09:35,97.96
11/18/2022 09:36,97.79
11/18/2022 09:37,97.87
11/18/2022 09:38,97.713
11/18/2022 09:39,97.841
11/18/2022 09:40,97.99
11/18/2022 09:41,98.34
11/18/2022 09:42,98.44
11/18/2022 09:43,98.64
11/18/2022 09:44,98.75
11/18/2022 09:45,98.595
11/18/2022 09:46,98.64
11/18/2022 09:47,98.66
11/18/2022 09:48,98.39
11/18/2022 09:49,98.27
11/18/2022 09:50,98.365
11/18/2022 09:51,98.7
11/18/2022 09:52,98.93
11/18/2022 09:53,98.86
11/18/2022 09:54,98.83
11/18/2022 09:55,98.952
11/18/2022 09:56,98.92
11/18/2022 09:57,98.938
11/18/2022 09:58,98.843
11/18/2022 09:59,98.75
11/18/2022 10:00,98.58
11/18/2022 10:01,98.5
11/18/2022 10:02,98.38
11/18/2022 10:03,98.4
11/18/2022 10:04,98.34
11/18/2022 10:05,98.48
11/18/2022 10:06,98.36
11/18/2022 10:07,98.34
11/18/2022 10:08,98.43
11/18/2022 10:09,98.46
11/18/2022 10:10,98.356
11/18/2022 10:11,98.53
11/18/2022 10:12,98.52
11/18/2022 10:13,98.405
11/18/2022 10:14,98.35
11/18/2022 10:15,98.38
11/18/2022 10:16,98.36
11/18/2022 10:17,98.41
11/18/2022 10:18,98.39
11/18/2022 10:19,98.26
11/18/2022 10:20,98.41
11/18/2022 10:21,98.44
11/18/2022 10:22,98.51
11/18/2022 10:23,98.49
11/18/2022 10:24,98.49
11/18/2022 10:25,98.53
11/18/2022 10:26,98.44
11/18/2022 10:27,98.28
11/18/2022 10:28,98.331
11/18/2022 10:29,98.53
11/18/2022 10:30,98.54
11/18/2022 10:31,98.42
11/18/2022 10:32,98.34
11/18/2022 10:33,98.35
11/18/2022 10:34,98.38
11/18/2022 10:35,98.375
11/18/2022 10:36,98.24
11/18/2022 10:37,98.28
11/18/2022 10:38,98.36
11/18/2022 10:39,98.11
11/18/2022 10:40,98.16
11/18/2022 10:41,98.249
11/18/2022 10:42,98.18
11/18/2022 10:43,98.24
11/18/2022 10:44,98.15
11/18/2022 10:45,98.055
11/18/2022 10:46,98.215
11/18/2022 10:47,98.21
11/18/2022 10:48,98.23
11/18/2022 10:49,98.24
11/18/2022 10:50,98.191
11/18/2022 10:51,98.21
11/18/2022 10:52,98.125
11/18/2022 10:53,98.2
11/18/2022 10:54,98.19
11/18/2022 10:55,98.19
11/18/2022 10:56,97.97
11/18/2022 10:57,97.95
11/18/2022 10:58,97.95
11/18/2022 10:59,98.04
11/18/2022 11:00,97.98
11/18/2022 11:01,97.94
11/18/2022 11:02,97.89
11/18/2022 11:03,97.8
11/18/2022 11:04,97.8
11/18/2022 11:05,97.89
11/18/2022 11:06,97.965
11/18/2022 11:07,97.93
11/18/2022 11:08,97.94
11/18/2022 11:09,97.85
11/18/2022 11:10,97.79
11/18/2022 11:11,97.87
11/18/2022 11:12,97.82
11/18/2022 11:13,97.849
11/18/2022 11:14,97.85
11/18/2022 11:15,97.955
11/18/2022 11:16,97.958
11/18/2022 11:17,97.973
11/18/2022 11:18,98.06
11/18/2022 11:19,98.18
11/18/2022 11:20,98.163
11/18/2022 11:21,98.12
11/18/2022 11:22,98.06
11/18/2022 11:23,98.115
11/18/2022 11:24,98.085
11/18/2022 11:25,98.08
11/18/2022 11:26,98.13
11/18/2022 11:27,98.09
11/18/2022 11:28,98.08
11/18/2022 11:29,98
11/18/2022 11:30,97.98
11/18/2022 11:31,98
11/18/2022 11:32,97.89
11/18/2022 11:33,97.91
11/18/2022 11:34,97.9
11/18/2022 11:35,97.96
11/18/2022 11:36,97.9
11/18/2022 11:37,97.73
11/18/2022 11:38,97.64
11/18/2022 11:39,97.66
11/18/2022 11:40,97.64
11/18/2022 11:41,97.62
11/18/2022 11:42,97.62
11/18/2022 11:43,97.71
11/18/2022 11:44,97.65
11/18/2022 11:45,97.65
11/18/2022 11:46,97.63
11/18/2022 11:47,97.6
11/18/2022 11:48,97.613
11/18/2022 11:49,97.62
11/18/2022 11:50,97.69
11/18/2022 11:51,97.64
11/18/2022 11:52,97.68
11/18/2022 11:53,97.75
11/18/2022 11:54,97.74
11/18/2022 11:55,97.77
11/18/2022 11:56,97.8
11/18/2022 11:57,97.79
11/18/2022 11:58,97.84
11/18/2022 11:59,97.85
11/18/2022 12:00,97.88
11/18/2022 12:01,97.9
11/18/2022 12:02,97.86
11/18/2022 12:03,97.86
11/18/2022 12:04,97.91
11/18/2022 12:05,97.84
11/18/2022 12:06,97.751
11/18/2022 12:07,97.711
11/18/2022 12:08,97.68
11/18/2022 12:09,97.7
11/18/2022 12:10,97.71
11/18/2022 12:11,97.75
11/18/2022 12:12,97.695
11/18/2022 12:13,97.74
11/18/2022 12:14,97.69
11/18/2022 12:15,97.47
11/18/2022 12:16,97.32
11/18/2022 12:17,97.35
11/18/2022 12:18,97.32
11/18/2022 12:19,97.155
11/18/2022 12:20,97.13
11/18/2022 12:21,97.15
11/18/2022 12:22,97.08
11/18/2022 12:23,97.02
11/18/2022 12:24,96.93
11/18/2022 12:25,96.947
11/18/2022 12:26,97.035
11/18/2022 12:27,97.03
11/18/2022 12:28,97.06
11/18/2022 12:29,97.125
11/18/2022 12:30,97.05
11/18/2022 12:31,97.075
11/18/2022 12:32,97
11/18/2022 12:33,97.027
11/18/2022 12:34,97.06
11/18/2022 12:35,97.05
11/18/2022 12:36,97.04
11/18/2022 12:37,97.07
11/18/2022 12:38,97.063
11/18/2022 12:39,97.115
11/18/2022 12:40,97.07
11/18/2022 12:41,97.025
11/18/2022 12:42,97.01
11/18/2022 12:43,96.96
11/18/2022 12:44,96.89
11/18/2022 12:45,96.93
11/18/2022 12:46,96.88
11/18/2022 12:47,96.98
11/18/2022 12:48,96.98
11/18/2022 12:49,96.99
11/18/2022 12:50,97.025
11/18/2022 12:51,96.978
11/18/2022 12:52,96.9
11/18/2022 12:53,96.81
11/18/2022 12:54,96.83
11/18/2022 12:55,96.77
11/18/2022 12:56,96.92
11/18/2022 12:57,96.94
11/18/2022 12:58,96.945
11/18/2022 12:59,96.96
11/18/2022 13:00,96.935
11/18/2022 13:01,96.97
11/18/2022 13:02,96.97
11/18/2022 13:03,96.985
11/18/2022 13:04,96.99
11/18/2022 13:05,96.965
11/18/2022 13:06,97.031
11/18/2022 13:07,97.109
11/18/2022 13:08,97.12
11/18/2022 13:09,97.22
11/18/2022 13:10,97.19
11/18/2022 13:11,97.19
11/18/2022 13:12,97.225
11/18/2022 13:13,97.24
11/18/2022 13:14,97.21
11/18/2022 13:15,97.12
11/18/2022 13:16,97.07
11/18/2022 13:17,97.05
11/18/2022 13:18,97.07
11/18/2022 13:19,97.07
11/18/2022 13:20,97.07
